{"cameraMode":{"drawMode":0,"name":"Shaded","section":"Shading Mode"},"sceneLighting":true,"audioPlay":false,"sceneViewState":{"m_AlwaysRefresh":false,"showFog":true,"showSkybox":true,"showFlares":true,"showImageEffects":true,"showParticleSystems":true,"showVisualEffectGraphs":true,"m_FxEnabled":false},"in2DMode":false,"pivot":{"x":-0.09403636306524277,"y":-0.06896935403347016,"z":-1.544852375984192},"rotation":{"x":-0.19844874739646913,"y":0.01822633668780327,"z":-0.003691004356369376,"w":-0.979936957359314},"size":7.877434730529785,"orthographic":false}